cantidad;producto;codigo producto;procedencia
33;Juice - Apple Cider;286-yz-73;Peru
24;Cheese - Taleggio D.o.p.;126-te-10;China
41;Beans - Black Bean, Dry;105-ek-50;Japan
92;Onions - Green;251-to-42;Tanzania
82;Tea - English Breakfast;641-yg-61;New Zealand
3;Bar Mix - Pina Colada, 355 Ml;420-wk-73;Brazil
87;Olives - Black, Pitted;500-sx-59;Nigeria
77;Soup - Cream Of Potato / Leek;610-nk-87;Russia
82;Sprouts - Bean;490-bs-43;China
89;Veal - Loin;844-sf-19;Russia
38;Chocolate - Compound Coating;867-yn-83;Philippines
76;Pork Casing;770-yw-70;Philippines
100;Chilli Paste, Sambal Oelek;392-qt-60;China
6;Beer - Sleemans Honey Brown;480-zq-23;Philippines
85;Coffee - Frthy Coffee Crisp;506-th-66;Poland
74;Wine - Sawmill Creek Autumn;763-os-72;Portugal
100;Mousse - Banana Chocolate;841-ln-58;Ukraine
57;Tuna - Loin;348-lo-98;Ukraine
26;Catfish - Fillets;809-tg-27;United States
29;Nori Sea Weed - Gold Label;950-yu-05;Mexico
83;Cabbage - Nappa;393-qt-62;Colombia
52;Bread Fig And Almond;075-ea-36;China
26;Truffle Cups Green;276-io-77;Japan
92;Squid - U - 10 Thailand;545-fy-01;Brazil
86;Pecan Raisin - Tarts;393-uo-70;Indonesia
64;Vodka - Smirnoff;249-vf-71;Poland
7;Bread - Bistro White;911-pd-80;Palestinian Territory
12;Soup - Campbells Mushroom;912-yw-90;Swaziland
27;Shrimp - Black Tiger 16/20;009-bc-21;Indonesia
51;Wine - Alsace Gewurztraminer;274-iz-04;China
16;Radish - Pickled;178-ya-64;Indonesia
56;Wine - Magnotta, Merlot Sr Vqa;894-cy-49;Portugal
7;Wine - Chateau Timberlay;740-xj-28;Russia
14;Squash - Pepper;264-fv-57;Russia
23;Wine - Casablanca Valley;854-xg-43;Philippines
7;Ham - Cooked Italian;081-ae-72;Ireland
95;Lid Tray - 12in Dome;384-fa-03;China
24;Rabbit - Whole;212-do-83;Norway
88;Coke - Classic, 355 Ml;550-be-42;Colombia
94;Tortillas - Flour, 8;211-ge-25;China
88;Plaintain;775-ww-67;United States
41;Chicken - Ground;053-jo-13;China
97;Muffin Mix - Morning Glory;699-mc-97;Nigeria
62;Oranges;525-su-54;Philippines
98;Juice - Lagoon Mango;804-rx-44;Poland
71;Bread Bowl Plain;023-su-52;Egypt
98;Liners - Baking Cups;984-xz-07;China
53;Mayonnaise;270-wk-18;Slovenia
25;Mix - Cappucino Cocktail;641-fb-08;Armenia
43;Appetizer - Spring Roll, Veg;185-lt-33;Thailand
56;Leeks - Baby, White;406-tm-17;Portugal
60;Sugar - Brown, Individual;340-zp-89;United States
21;Huck Towels White;269-ra-61;China
37;Cake - Box Window 10x10x2.5;321-vs-76;China
95;Grapes - Red;482-su-81;Portugal
47;Shrimp - 16 - 20 Cooked, Peeled;272-qg-42;Trinidad and Tobago
80;Sugar - Fine;613-bk-79;France
37;Soup - Cream Of Potato / Leek;091-ck-88;China
62;Truffle Shells - Semi - Sweet;712-xw-69;United States
79;Squash - Butternut;273-pf-48;China
43;Carbonated Water - White Grape;577-af-18;France
64;Foil - Round Foil;362-kl-80;China
36;Chilli Paste, Sambal Oelek;708-nj-84;Argentina
86;Wine - Red, Metus Rose;948-bh-51;China
35;Wine - Chateau Aqueria Tavel;528-ra-85;China
76;Wine - Zonnebloem Pinotage;190-tt-31;Indonesia
51;Crab - Dungeness, Whole;256-eh-30;Indonesia
74;Cup - 3.5oz, Foam;458-ij-47;Japan
68;Eel Fresh;992-cp-65;Canada
79;Wine - Sauvignon Blanc;611-kj-60;Czech Republic
55;Curry Powder;588-hj-90;Philippines
76;Wine - Red Oakridge Merlot;294-be-44;Croatia
53;Plastic Arrow Stir Stick;953-xv-81;Thailand
91;Ice Cream Bar - Hagen Daz;078-wc-82;China
1;Red Cod Fillets - 225g;014-yz-42;Indonesia
59;Tomato - Tricolor Cherry;094-vl-93;Brazil
5;Beans - Wax;856-ja-50;Ukraine
77;Wine - Barbera Alba Doc 2001;753-wk-57;China
19;Cake - Cake Sheet Macaroon;205-eq-50;China
27;Peas - Frozen;951-hv-35;China
39;Shiro Miso;800-rv-04;Poland
7;Oranges;299-tl-00;United States
91;Flour - Whole Wheat;969-tm-01;France
47;Sugar - Icing;318-dp-19;Ukraine
55;Crab Meat Claw Pasteurise;460-rh-48;Philippines
86;Mcguinness - Blue Curacao;503-mb-35;China
74;Pickles - Gherkins;591-xv-67;Iran
100;Rootbeer;948-mz-35;Comoros
68;Everfresh Products;622-ri-63;Thailand
51;Shrimp - 21/25, Peel And Deviened;074-jg-10;Namibia
59;Mushroom - White Button;230-eo-84;Panama
73;Cookies - Englishbay Oatmeal;909-ro-02;Ukraine
93;Lobster - Canned Premium;987-ux-86;Indonesia
62;Potatoes - Idaho 80 Count;226-zo-57;China
34;Wine - Hardys Bankside Shiraz;638-xh-10;Albania
76;Cinnamon Buns Sticky;033-yj-87;Bulgaria
86;Mushrooms - Honey;715-pu-89;Philippines
50;Cheese - Roquefort Pappillon;720-sg-02;Portugal
7;Wine - Riesling Alsace Ac 2001;647-xl-13;Latvia
86;Mcguinness - Blue Curacao;241-rr-07;Philippines
13;Wine - White, Cooking;097-gp-92;Bolivia
80;Pepper - Chili Powder;063-rn-55;France
41;Bols Melon Liqueur;841-ac-11;Czech Republic
31;Foam Espresso Cup Plain White;134-et-47;Brazil
36;Juice - Lemon;026-nl-95;Indonesia
14;Icecream - Dstk Super Cone;406-kn-33;Ukraine
79;Cup - Paper 10oz 92959;689-st-35;Indonesia
41;Beer - Sleemans Cream Ale;158-pw-41;China
73;Puree - Blackcurrant;037-mh-53;United States
38;Silicone Paper 16.5x24;351-aa-45;Ukraine
39;Jameson Irish Whiskey;007-br-00;China
69;Capers - Ox Eye Daisy;480-be-15;Indonesia
7;Orange - Blood;706-gv-40;Indonesia
73;Pomello;660-ik-06;Brazil
7;Soup Campbells - Tomato Bisque;623-sq-37;Mexico
66;Milk - Condensed;614-bt-58;Indonesia
62;Olives - Kalamata;186-jn-15;Poland
27;Bar Mix - Pina Colada, 355 Ml;407-ri-84;Russia
28;Wine - White, Riesling, Henry Of;074-yj-73;Saudi Arabia
65;Tea - Green;302-ct-85;Portugal
48;Scotch - Queen Anne;898-vt-75;China
93;Glass - Wine, Plastic, Clear 5 Oz;689-aq-33;New Zealand
7;Hand Towel;897-my-86;Brazil
54;Wine - Sake;695-uw-99;Poland
29;Tarragon - Primerba, Paste;232-om-57;Kyrgyzstan
95;Wine - Casillero Del Diablo;018-ly-26;Poland
35;Wine - Shiraz South Eastern;817-vx-81;China
12;Grenadillo;529-pw-23;Czech Republic
63;Milk - 2% 250 Ml;711-qg-55;Greece
10;Lemonade - Island Tea, 591 Ml;033-uh-45;Ukraine
45;Wine - Magnotta - Red, Baco;917-gg-32;China
83;Split Peas - Yellow, Dry;683-dl-81;Indonesia
94;Wine - Pinot Noir Latour;110-zh-28;Uganda
61;Coffee - Hazelnut Cream;134-yj-17;Luxembourg
51;Plate - Foam, Bread And Butter;361-vv-54;Bulgaria
77;Blueberries;148-gi-39;France
2;Sterno - Chafing Dish Fuel;054-xx-30;Argentina
64;Sprite, Diet - 355ml;211-az-57;Brazil
9;Filling - Mince Meat;852-ry-46;Thailand
80;Chocolate - Semi Sweet, Calets;153-xa-27;Brazil
35;Flour - Teff;051-mw-56;Armenia
69;Soup - French Onion;784-sd-14;Kyrgyzstan
92;Cafe Royale;809-xc-21;Thailand
64;Wine - Pinot Noir Latour;696-te-40;Japan
88;Flour - Whole Wheat;526-uu-11;Netherlands
92;Soup Knorr Chili With Beans;793-vk-33;Niger
71;Aspic - Light;211-ov-61;China
10;Lemons;213-mx-91;Czech Republic
34;Oil - Margarine;485-fd-30;Democratic Republic of the Congo
91;Appetizer - Assorted Box;401-bu-63;Mexico
80;Plasticforkblack;637-yh-03;Kazakhstan
89;Prunes - Pitted;969-nj-07;Nigeria
1;Potatoes - Parissienne;558-zh-74;France
2;Onions - Cooking;207-ka-85;Czech Republic
35;Table Cloth 72x144 White;815-xf-73;Saudi Arabia
10;Lime Cordial - Roses;337-cx-24;North Korea
64;Trueblue - Blueberry;827-bp-36;Brazil
79;Foam Dinner Plate;398-sk-88;China
83;Chinese Foods - Cantonese;602-kx-56;China
76;Tomato - Peeled Italian Canned;604-qw-98;Argentina
18;Cheese Cheddar Processed;905-ia-43;Finland
50;Zucchini - Mini, Green;569-lo-20;Cameroon
43;Longos - Chicken Curried;823-fn-02;Portugal
31;Halibut - Fletches;283-bp-58;Indonesia
11;Cleaner - Pine Sol;767-ww-36;Bangladesh
22;Wine - Sogrape Mateus Rose;975-mb-33;Philippines
83;Urban Zen Drinks;329-hb-43;Indonesia
74;Table Cloth 53x53 White;749-rk-28;Indonesia
47;Cheese - Parmesan Grated;883-cc-58;Greece
64;Beets - Candy Cane, Organic;700-rv-13;China
67;Rosemary - Fresh;268-gi-57;China
44;Soup - Tomato Mush. Florentine;178-qu-41;Botswana
66;Cardamon Seed / Pod;772-tb-87;Colombia
92;Wine - Magnotta - Pinot Gris Sr;212-fk-58;China
90;Cookie Double Choco;663-pz-36;Japan
95;Soup V8 Roasted Red Pepper;648-wx-63;Nigeria
90;Cloves - Ground;520-do-65;Indonesia
59;Cod - Fillets;443-zd-14;Azerbaijan
54;Lamb Leg - Bone - In Nz;157-pc-15;Tanzania
60;Mushroom - Enoki, Fresh;516-gi-90;China
93;Wine - White, Mosel Gold;470-ku-56;Uganda
71;Oil - Coconut;164-zg-20;France
55;Wine - Cave Springs Dry Riesling;325-er-24;Norway
37;Apple - Granny Smith;387-hw-14;France
44;Cookie - Oreo 100x2;194-ga-75;Philippines
38;Juice - Tomato, 48 Oz;250-ar-47;China
41;Appetizer - Spring Roll, Veg;516-dv-49;Brazil
90;Crackers - Graham;610-hc-79;Russia
17;Wine - Fino Tio Pepe Gonzalez;401-kv-33;China
3;Scrubbie - Scotchbrite Hand Pad;950-eh-99;Argentina
17;Gelatine Leaves - Envelopes;672-aa-84;France
72;Anisette - Mcguiness;276-si-22;North Korea
33;Goldschalger;306-jg-10;Brazil
68;Bread - Bistro White;846-ys-53;Ireland
61;Pasta - Penne, Lisce, Dry;916-dz-56;Ukraine
37;Creme De Menth - White;413-ty-37;Iran
20;Liners - Baking Cups;113-pg-54;Peru
49;Pepper - Julienne, Frozen;106-ug-98;Indonesia
27;Pickles - Gherkins;692-mm-84;Tunisia
7;Pepper - Green, Chili;181-js-90;Russia
17;Langers - Mango Nectar;260-zo-57;South Korea
47;Wine - Red, Cooking;198-js-98;Greece
79;Cookies - Englishbay Chochip;536-dt-93;Philippines
88;Melon - Honey Dew;176-zn-57;Philippines
73;Nantuket Peach Orange;484-ql-00;Japan
92;Tarragon - Primerba, Paste;693-ol-08;Portugal
78;Cleaner - Lime Away;242-vk-06;Brazil
8;Sprite, Diet - 355ml;398-fg-76;Argentina
14;Pork - Side Ribs;160-gc-32;Argentina
78;Fudge - Chocolate Fudge;850-bk-17;Vietnam
3;Salt - Table;912-dc-09;Kazakhstan
84;Bread - Rolls, Rye;745-va-78;Italy
94;Fish - Atlantic Salmon, Cold;688-vi-14;China
80;Apple - Granny Smith;304-qx-99;Pakistan
78;White Baguette;352-bu-29;San Marino
35;Chips Potato Swt Chilli Sour;874-zc-26;Brazil
47;Sour Puss Sour Apple;424-fs-26;United States
84;Mustard Prepared;170-kc-32;Indonesia
15;Coffee - Irish Cream;177-yj-85;Indonesia
90;Jam - Raspberry,jar;504-gd-04;Slovenia
51;Crush - Grape, 355 Ml;848-cd-03;Poland
85;Peppercorns - Green;696-lq-12;Bosnia and Herzegovina
53;Ice Cream - Super Sandwich;014-dg-06;Albania
48;Danishes - Mini Raspberry;553-ls-83;Peru
5;Wine - Cousino Macul Antiguas;159-jg-12;China
21;Madeira;765-tv-25;Czech Republic
33;Pastry - Banana Tea Loaf;765-el-32;China
82;Vodka - Moskovskaya;016-nk-05;Indonesia
27;Sesame Seed;784-kr-67;Japan
47;Appetizer - Chicken Satay;622-nl-18;Indonesia
20;Bread - Pita;005-za-07;Peru
33;Beef Dry Aged Tenderloin Aaa;944-iw-70;Indonesia
16;Five Alive Citrus;239-ys-69;Poland
69;Shiro Miso;080-du-82;Indonesia
13;Wine - Ruffino Chianti;381-su-28;Indonesia
31;Remy Red Berry Infusion;939-ov-69;Russia
29;Croissant, Raw - Mini;158-si-77;Poland
17;Jam - Apricot;936-de-03;China
74;Mangostein;774-lg-17;China
73;Flour - Fast / Rapid;762-zt-11;Sweden
79;Sauce - Ranch Dressing;676-wa-14;Indonesia
56;Wine - Crozes Hermitage E.;340-uv-01;China
59;Beans - Fava Fresh;734-ce-64;Russia
90;Wine - Pinot Noir Mondavi Coastal;506-sh-41;Sweden
9;Wine - Charddonnay Errazuriz;788-qh-17;Peru
57;Nantucket - Carrot Orange;865-ld-10;China
76;Soup - Campbells Tomato Ravioli;024-ht-09;Brazil
86;Pasta - Lasagna Noodle, Frozen;349-ud-41;Bhutan
67;French Pastries;238-go-89;Philippines
71;V8 - Berry Blend;056-nk-26;China
33;Rosemary - Primerba, Paste;145-is-32;Portugal
73;Ocean Spray - Ruby Red;015-lj-04;Afghanistan
91;Tea - English Breakfast;131-it-82;Tanzania
4;Tabasco Sauce, 2 Oz;028-hn-88;South Africa
47;Salt - Table;387-op-32;Philippines
51;Water Chestnut - Canned;930-px-54;Mexico
31;Wine - Merlot Vina Carmen;353-jz-14;China
85;Langers - Cranberry Cocktail;739-ne-62;Japan
80;Cheese - Gorgonzola;499-ko-52;Nicaragua
43;Cake Slab;748-nn-25;China
84;Food Colouring - Pink;476-gc-16;Bolivia
80;Energy Drink - Franks Pineapple;456-jl-61;Finland
84;Lid - 3oz Med Rec;384-ai-01;China
16;Dc Hikiage Hira Huba;800-wq-92;China
63;Juice - Cranberry, 341 Ml;152-sp-84;Czech Republic
62;Soup Campbells Split Pea And Ham;678-gh-50;China
38;Wine - Port Late Bottled Vintage;664-po-95;Ivory Coast
53;Cheese - Parmigiano Reggiano;459-li-98;Czech Republic
15;Iced Tea Concentrate;903-tc-99;Indonesia
72;Plaintain;697-de-27;Indonesia
50;Beef - Rib Roast, Capless;369-sh-87;Russia
10;Numi - Assorted Teas;829-ii-71;Thailand
60;Chilli Paste, Ginger Garlic;379-lz-80;China
32;Wine - Beaujolais Villages;804-tp-50;Sweden
31;Pork Loin Cutlets;313-mn-91;Indonesia
77;Sole - Dover, Whole, Fresh;039-cx-52;Philippines
8;Edible Flower - Mixed;442-ye-13;Armenia
82;Pork - Sausage, Medium;006-pc-82;Croatia
17;General Purpose Trigger;699-hs-23;Finland
19;Soup - Base Broth Beef;555-na-32;Finland
73;Wine - Marlbourough Sauv Blanc;101-dg-03;Portugal
91;Pasta - Fusili Tri - Coloured;727-ub-68;Yemen
68;Ranchero - Primerba, Paste;022-ao-84;China
55;Pasta - Orzo, Dry;848-ke-53;Sudan
46;Soup - Campbells, Classic Chix;997-zs-37;Brazil
5;Rosemary - Fresh;383-ih-57;Poland
4;Bread Fig And Almond;208-yq-32;Philippines
16;Vinegar - Sherry;744-eu-01;Japan
21;Table Cloth 54x72 White;696-gu-46;Russia
55;Wine - Zinfandel Rosenblum;043-lv-99;Sweden
100;Pastry - Raisin Muffin - Mini;290-oz-22;Russia
17;Lobster - Cooked;861-py-16;Ukraine
75;Aspic - Amber;322-uy-67;Benin
1;Cocoa Powder - Dutched;588-pj-96;China
99;Taro Root;375-qq-86;Russia
64;Wine - White, Ej;857-ts-39;China
87;Pop - Club Soda Can;592-vb-69;Brazil
86;Turkey Leg With Drum And Thigh;239-xp-00;Canada
13;Grapes - Red;249-tk-06;Colombia
38;Whmis Spray Bottle Graduated;978-vj-91;Russia
49;Lid Tray - 16in Dome;949-ow-91;China
76;Steam Pan - Half Size Deep;404-hi-06;Ukraine
16;Tart Shells - Barquettes, Savory;000-zq-50;Syria
54;Ice - Clear, 300 Lb For Carving;420-nl-51;Indonesia
6;Squash - Pattypan, Yellow;131-le-19;United States
14;Cranberries - Fresh;113-cb-47;Mongolia
77;Blackberries;960-wq-25;China
18;Lamb - Racks, Frenched;700-za-62;United States
23;Soup - Campbells - Chicken Noodle;999-dc-54;Brazil
78;Butter - Salted, Micro;588-qf-53;Colombia
30;Bread - Petit Baguette;048-on-62;China
78;Pastry - French Mini Assorted;465-bs-63;Peru
14;Boogies;608-vf-58;Bulgaria
65;Oneshot Automatic Soap System;726-dw-12;China
68;Chicken - White Meat With Tender;416-tq-78;Brazil
77;Mousse - Passion Fruit;200-mk-86;New Caledonia
8;Eel Fresh;780-bz-07;Brazil
92;V8 - Vegetable Cocktail;570-uo-62;United States
97;Island Oasis - Strawberry;840-yp-48;China
41;Mushrooms - Black, Dried;091-jc-54;Ukraine
9;Chocolate Eclairs;253-fr-76;Philippines
14;Yoplait Drink;891-zj-89;Russia
8;Wine - Vineland Estate Semi - Dry;558-ai-43;Senegal
73;Bay Leaf Ground;276-la-30;China
10;Tea - Black Currant;568-db-85;Indonesia
99;Star Fruit;578-dz-74;China
3;Club Soda - Schweppes, 355 Ml;379-ho-85;Indonesia
73;Beef - Top Sirloin - Aaa;959-pt-56;Philippines
29;Appetizer - Sausage Rolls;804-ux-71;Comoros
83;Wine - Alicanca Vinho Verde;000-jk-89;Indonesia
28;Appetizer - Seafood Assortment;165-hc-34;Vietnam
36;Sausage - Blood Pudding;080-we-62;Brazil
29;Rice Paper;980-ld-29;Bulgaria
50;Wine - Puligny Montrachet A.;208-os-12;Chile
16;Beans - Wax;380-ck-54;France
94;Soup Campbells Mexicali Tortilla;726-wk-29;Ethiopia
21;Pumpkin;266-hp-23;Peru
28;Cookie Choc;014-bu-23;Japan
42;Wine - White, Antinore Orvieto;526-xi-91;Guatemala
80;Juice - Pineapple, 341 Ml;859-ur-68;Poland
24;Pork - Backs - Boneless;472-tw-86;France
36;Wine - Red, Black Opal Shiraz;474-mf-11;Mexico
88;Wine - Marlbourough Sauv Blanc;778-dh-21;China
50;Praline Paste;724-xe-29;Croatia
86;Rye Special Old;707-zc-98;Argentina
40;Wine - Red, Gallo, Merlot;989-wn-88;Indonesia
66;Muffin - Carrot Individual Wrap;095-dv-77;Japan
77;Mushroom - White Button;840-ur-74;France
43;Lettuce - Lolla Rosa;965-qb-38;Peru
89;Wine - George Duboeuf Rose;004-gj-89;Colombia
25;Pie Filling - Pumpkin;897-fj-14;France
64;Honey - Liquid;059-pp-23;Indonesia
59;Fruit Salad Deluxe;364-gj-05;Lebanon
7;Bread - Multigrain Oval;740-zu-56;Mali
17;Currants;957-yd-66;Portugal
83;Cookie Dough - Chocolate Chip;306-ap-50;China
29;Fireball Whisky;878-dx-11;Nicaragua
96;Goldschalger;674-eg-08;Panama
50;Nut - Pistachio, Shelled;640-do-29;Kenya
97;Cheese - Victor Et Berthold;128-ji-28;China
94;Pasta - Tortellini, Fresh;094-og-78;Ukraine
9;Pastry - Lemon Danish - Mini;392-pi-69;Czech Republic
3;Doilies - 12, Paper;460-ic-88;China
93;Nut - Pumpkin Seeds;006-bp-80;Indonesia
7;Liners - Baking Cups;392-vi-66;Bulgaria
19;Sansho Powder;642-ap-39;United States
57;Ecolab - Ster Bac;468-qg-45;Belarus
19;Lamb - Whole Head Off;918-qr-88;Indonesia
36;Beef - Top Butt Aaa;641-kc-24;Portugal
8;Black Currants;791-hc-31;Russia
8;Apple - Delicious, Red;663-sz-93;Argentina
65;Flour Pastry Super Fine;766-oo-97;China
10;Gin - Gilbeys London, Dry;736-fk-94;Japan
90;Maple Syrup;001-zg-66;Portugal
26;Petit Baguette;100-sg-81;Thailand
63;Passion Fruit;981-wt-57;Ecuador
8;Raspberries - Frozen;900-fy-61;Russia
2;Cheese - Le Cru Du Clocher;784-kk-04;Ivory Coast
77;Mussels - Cultivated;493-pz-03;Hungary
15;Veal - Kidney;085-rd-19;China
5;Truffle Paste;883-by-45;Azerbaijan
32;Apricots Fresh;445-ni-77;Thailand
17;Beans - Yellow;295-vv-80;Japan
65;Cheese - Gorgonzola;641-cu-20;Russia
86;Cake - Cheese Cake 9 Inch;707-hw-03;China
45;Spinach - Spinach Leaf;899-az-44;Philippines
46;Table Cloth 54x72 Colour;198-fw-28;Venezuela
73;Bread - Roll, Whole Wheat;174-se-12;Thailand
30;Pork Loin Cutlets;140-ao-97;South Africa
60;Bread - Calabrese Baguette;176-tv-90;Peru
61;Lemon Tarts;956-bv-71;Finland
51;Yoplait Drink;818-ib-96;Argentina
29;Bread Ww Cluster;710-df-15;Philippines
65;Tea Peppermint;715-hk-91;Ecuador
93;Plums - Red;634-sk-81;Bahrain
83;Crab - Imitation Flakes;130-ri-84;China
76;Bread - Multigrain;973-ng-60;Russia
34;Beef - Ground Lean Fresh;278-jk-54;Sweden
86;Table Cloth 144x90 White;996-ap-74;China
71;Wine - Red, Cabernet Sauvignon;749-gk-09;Ireland
3;Pumpkin - Seed;542-yr-64;China
75;Pie Filling - Apple;204-gt-11;Hungary
81;Wine - Niagara Peninsula Vqa;451-pn-33;Philippines
86;Daikon Radish;230-ak-44;France
93;Stock - Chicken, White;437-bd-53;China
52;Onions - Green;256-gy-01;China
53;Coffee - Decaffeinato Coffee;657-wx-27;Serbia
88;Bread - White Mini Epi;717-vb-71;Russia
87;Nut - Pistachio, Shelled;692-wz-92;Cuba
45;Buffalo - Tenderloin;693-qu-58;Egypt
81;Boogies;617-mg-10;China
47;Cinnamon - Ground;825-sd-88;Colombia
96;Venison - Ground;052-ic-90;China
89;Pepper - Cubanelle;951-zy-88;United Kingdom
47;Shiro Miso;049-kw-97;Thailand
57;Lettuce - Curly Endive;644-pd-29;Indonesia
50;Wine - Red, Cabernet Merlot;051-pd-51;Portugal
49;Soup Campbells Mexicali Tortilla;957-ai-17;United Kingdom
95;Muffin Puck Ww Carrot;278-ow-65;Indonesia
40;Beef - Ground, Extra Lean, Fresh;236-mk-76;Canada
54;Mustard - Individual Pkg;376-mm-12;Indonesia
13;Pepper - Black, Ground;477-sj-72;Indonesia
48;Pepper - Cubanelle;701-gy-89;Egypt
97;Nectarines;348-oo-52;Costa Rica
27;Vinegar - Sherry;012-gr-50;Colombia
1;Sobe - Liz Blizz;645-ny-73;Colombia
2;Rosemary - Fresh;628-uo-81;Indonesia
89;Quail - Eggs, Fresh;373-ov-44;Brazil
28;Wine - Alsace Gewurztraminer;525-ji-55;Kyrgyzstan
85;Veal - Provimi Inside;694-om-27;United States
20;Champagne - Brights, Dry;659-od-20;United States
75;Tea - Herbal Orange Spice;936-ar-30;Argentina
97;Salad Dressing;404-ll-59;Croatia
22;Shichimi Togarashi Peppeers;604-dj-81;China
29;Eggplant - Regular;160-ka-36;China
73;Coffee - Colombian, Portioned;474-fr-94;Malaysia
81;Beets - Mini Golden;754-cn-12;Philippines
92;Soup - Verve - Chipotle Chicken;888-sb-22;Honduras
26;Isomalt;154-op-61;Russia
91;Soup - Cream Of Broccoli;260-me-49;Indonesia
47;Bread - Raisin Walnut Oval;011-vd-57;Indonesia
54;Mushroom - Lg - Cello;878-bu-36;Philippines
28;Papayas;324-fx-65;Portugal
61;Onion - Dried;886-lz-55;Sweden
23;Potatoes - Mini White 3 Oz;653-ee-29;China
60;Tuna - Canned, Flaked, Light;635-ea-47;Brazil
77;Cheese - Woolwich Goat, Log;261-st-58;China
65;Sour Puss Raspberry;945-ji-81;China
9;Chips - Miss Vickies;418-qi-30;China
29;Fenngreek Seed;205-rr-44;China
61;Bar Special K;625-nj-16;Sweden
24;Soup - Campbells - Chicken Noodle;020-gd-16;Cameroon
10;Pumpkin;282-lk-57;Oman
78;Sobe - Tropical Energy;695-bu-96;China
4;Rice - Basmati;732-ap-35;Portugal
89;Salt - Sea;550-al-27;Greece
84;Chocolate - Unsweetened;245-uf-73;China
90;Wine - Remy Pannier Rose;878-oh-22;Philippines
99;Sauce - Plum;923-fk-59;Slovenia
66;Goat - Whole Cut;291-sj-85;Slovenia
15;Dill - Primerba, Paste;167-so-53;Mexico
99;Lettuce - Boston Bib - Organic;676-ws-77;Ukraine
13;Lid Tray - 12in Dome;329-td-56;Botswana
16;Lemon Balm - Fresh;946-qe-74;Czech Republic
39;Alize Red Passion;562-av-70;Yemen
30;Truffle Cups - White Paper;278-fj-91;Philippines
36;Pork - Back, Short Cut, Boneless;568-ph-27;Poland
2;Cup Translucent 9 Oz;433-gc-90;Indonesia
92;Cookie - Oreo 100x2;843-ix-61;Russia
70;Towel Multifold;952-lo-51;Montenegro
67;Cheese - St. Paulin;099-ru-30;Iraq
56;Ice Cream - Strawberry;086-st-24;United States
31;Oysters - Smoked;481-sa-08;Liberia
41;Soup - Campbells - Chicken Noodle;430-wj-42;Thailand
88;Lemonade - Pineapple Passion;310-xf-91;Pakistan
100;Peach - Halves;174-zh-57;Honduras
5;Lobster - Tail, 3 - 4 Oz;472-jn-93;Morocco
73;Beer - Mcauslan Apricot;172-ci-85;Netherlands
20;Soup - Campbells, Minestrone;605-fq-07;Italy
14;Milk - Homo;629-tk-38;Sweden
90;Beer - Camerons Cream Ale;869-og-66;Venezuela
2;Lid Tray - 12in Dome;319-pp-02;Venezuela
71;Beef - Prime Rib Aaa;823-hn-73;Afghanistan
95;Wine - Masi Valpolocell;219-hx-85;Brazil
3;Strawberries - California;408-lu-13;China
70;Wine - Balbach Riverside;765-hb-53;China
78;Pasta - Spaghetti, Dry;538-sf-56;Brazil
57;The Pop Shoppe - Grape;453-ec-05;Philippines
32;Sauce - Ranch Dressing;791-ds-69;Sweden
4;Pie Box - Cello Window 2.5;958-gc-59;Peru
96;Bread - Focaccia Quarter;985-vf-65;Philippines
24;Banana - Leaves;671-lk-86;United States
14;Apple - Delicious, Golden;108-th-61;China
100;Hipnotiq Liquor;359-nl-30;Canada
97;Doilies - 10, Paper;994-in-14;Indonesia
50;Butcher Twine 4r;684-hj-78;Philippines
14;Sansho Powder;479-sw-36;Brazil
76;Ginsing - Fresh;619-ot-73;Nigeria
67;Trout - Smoked;860-an-56;China
49;Danishes - Mini Raspberry;701-ko-12;China
25;Ecolab - Hobart Washarm End Cap;817-qx-30;China
39;Island Oasis - Raspberry;108-jt-67;Portugal
81;Nantucket Orange Juice;996-yd-47;Japan
7;Lemon Balm - Fresh;840-hf-18;Philippines
4;Beans - French;886-nc-11;Indonesia
92;Appetizer - Mango Chevre;371-lr-08;Uzbekistan
77;Dried Figs;193-yz-16;China
62;Tia Maria;521-al-70;Poland
45;Sorrel - Fresh;105-fn-89;China
50;Bread - Triangle White;233-sl-21;China
3;Cheese Cloth No 60;875-qo-13;Indonesia
20;Turkey - Breast, Bone - In;079-xy-26;Philippines
74;Pasta - Bauletti, Chicken White;808-gd-70;Indonesia
41;Glove - Cutting;174-me-13;Honduras
87;Flower - Commercial Spider;110-wq-55;Philippines
29;Mushroom - Chanterelle Frozen;443-uk-35;Brazil
49;Nescafe - Frothy French Vanilla;661-mi-95;China
31;Fish - Scallops, Cold Smoked;483-zg-23;France
94;Squash - Butternut;853-vs-69;Thailand
72;Zucchini - Yellow;048-bz-53;Colombia
57;Scallops - 10/20;797-qh-36;Honduras
61;Parasol Pick Stir Stick;904-fy-37;Bangladesh
25;Wine - Chablis 2003 Champs;006-rr-03;France
45;Beef - Tender Tips;626-kh-19;China
99;Pork - Hock And Feet Attached;473-zx-73;Sierra Leone
13;Soup - Knorr, Country Bean;942-gt-05;Russia
57;Artichoke - Hearts, Canned;780-ex-38;Madagascar
5;Lettuce - Red Leaf;719-ze-17;Lithuania
87;Turkey - Breast, Bone - In;872-qh-95;Philippines
51;Bacon Strip Precooked;870-wk-96;Pakistan
24;Lettuce - Sea / Sea Asparagus;886-ht-03;China
92;Grand Marnier;982-fo-17;Russia
89;Yeast Dry - Fermipan;382-dh-12;China
45;Wanton Wrap;400-vu-83;China
86;Clam - Cherrystone;399-jj-21;Chile
97;Curry Powder Madras;110-ya-39;Ukraine
20;Beans - Kidney, Canned;701-fw-02;China
100;Marsala - Sperone, Fine, D.o.c.;975-dz-32;Ukraine
98;Sauce - Rosee;327-fq-03;Indonesia
81;Pork - Ham, Virginia;436-cn-82;Croatia
35;Salmon Atl.whole 8 - 10 Lb;306-rz-15;China
100;Extract - Lemon;034-ij-92;Indonesia
5;Strawberries;508-bu-67;Germany
48;Mace Ground;904-nk-78;Canada
11;Oil - Pumpkinseed;092-sc-88;Russia
100;Salt - Celery;832-jx-21;Philippines
65;Flavouring - Raspberry;939-vr-95;Indonesia
43;Truffle Cups - Brown;454-lh-86;China
82;Wine - Riesling Alsace Ac 2001;171-ks-23;China
8;Wine - Ice Wine;727-yk-04;Guatemala
83;Ginger - Crystalized;380-to-05;Indonesia
56;Wine - White, Concha Y Toro;348-aa-92;Argentina
84;Lettuce - Curly Endive;721-pq-74;China
69;Wine - German Riesling;214-ik-85;Czech Republic
16;Island Oasis - Sweet And Sour Mix;614-qa-17;China
71;Crush - Orange, 355ml;908-jz-04;Indonesia
30;Wine - Duboeuf Beaujolais;259-sp-33;Kenya
1;Oil - Grapeseed Oil;471-zd-06;Colombia
63;Bagels Poppyseed;048-rv-89;Myanmar
33;Ecolab - Medallion;328-wm-11;Portugal
86;Tuna - Loin;366-yy-54;Brazil
85;Juice - Apple, 500 Ml;762-xz-21;China
67;Muffin Mix - Banana Nut;939-ui-41;Poland
72;Wine - Sicilia Igt Nero Avola;941-wn-27;Indonesia
29;Mix - Cocktail Strawberry Daiquiri;406-cc-20;United Kingdom
18;Squid - U - 10 Thailand;616-lq-30;Indonesia
48;Blouse / Shirt / Sweater;634-cn-32;China
11;Sauce - White, Mix;590-qq-30;China
52;Icecream - Dstk Super Cone;769-mq-28;Uruguay
71;Napkin - Cocktail,beige 2 - Ply;730-yj-47;Russia
78;The Pop Shoppe - Lime Rickey;616-ww-55;China
93;Sauce - Fish 25 Ozf Bottle;889-cq-16;Poland
3;Oregano - Fresh;633-ru-96;Poland
37;Beef - Sushi Flat Iron Steak;566-zz-28;Comoros
2;Yogurt - Assorted Pack;976-fw-91;Indonesia
54;Water - Green Tea Refresher;111-cd-30;China
45;Beef - Tenderloin Tails;336-lh-02;Portugal
94;Cinnamon Rolls;312-bs-05;Indonesia
17;Crab - Meat Combo;993-ge-10;China
35;Ginger - Crystalized;817-mt-76;Russia
46;Savory;092-qx-05;Mexico
58;Oil - Sunflower;618-ky-24;Senegal
51;Chicken - Base;118-px-76;Russia
100;Garlic - Peeled;637-he-67;Bangladesh
21;Aspic - Light;338-ut-41;China
92;Wine - Periguita Fonseca;218-tb-95;Morocco
92;Crab - Claws, Snow 16 - 24;853-qw-92;China
23;Pears - Fiorelle;180-it-26;China
26;Beef - Tenderlion, Center Cut;543-bg-07;China
49;Muffin Batt - Carrot Spice;673-ie-80;Poland
95;Munchies Honey Sweet Trail Mix;845-ml-81;China
67;Syrup - Monin, Irish Cream;359-us-28;France
93;V8 Splash Strawberry Banana;320-pe-68;Ukraine
82;Bread - White Mini Epi;140-pi-43;Croatia
54;Hold Up Tool Storage Rack;256-ia-04;Philippines
14;Lemonade - Black Cherry, 591 Ml;330-qu-91;China
24;Bowl 12 Oz - Showcase 92012;941-vy-60;Canada
62;Tart Shells - Savory, 2;478-jv-32;China
89;Daikon Radish;530-ap-44;France
64;Pants Custom Dry Clean;201-wt-76;China
92;Pineapple - Golden;972-ch-47;Indonesia
44;Soup Campbells;352-mc-80;Portugal
90;Juice - V8, Tomato;500-ff-78;Kosovo
80;Ginger - Fresh;071-lx-05;Portugal
18;Lemonade - Strawberry, 591 Ml;593-au-36;Nigeria
50;Lamb - Shoulder;291-ff-77;Liberia
50;Wine - Chardonnay South;621-my-69;France
40;Asparagus - White, Fresh;202-on-40;Vietnam
45;Momiji Oroshi Chili Sauce;470-pu-87;China
91;Zucchini - Mini, Green;944-xd-43;Brazil
25;Paper - Brown Paper Mini Cups;767-ek-24;France
81;Bread Base - Toscano;634-bb-73;France
86;Lid - 10,12,16 Oz;374-iq-25;Mongolia
92;Wine - Red, Wolf Blass, Yellow;665-lf-04;Thailand
40;Mustard - Seed;714-yo-53;Afghanistan
61;Garlic - Elephant;244-sh-13;China
44;Cup - 8oz Coffee Perforated;359-jq-93;China
36;Hold Up Tool Storage Rack;680-sm-23;China
75;Veal - Inside, Choice;005-oq-05;Belarus
30;Butter - Unsalted;151-kp-62;Canada
91;Fruit Mix - Light;978-lo-93;Indonesia
58;Parsley Italian - Fresh;820-uf-53;China
19;Cumin - Ground;110-jw-43;Brazil
9;Olives - Green, Pitted;726-od-55;Czech Republic
76;Spring Roll Veg Mini;096-na-06;Indonesia
46;Ocean Spray - Ruby Red;757-me-59;Indonesia
34;Table Cloth 81x81 White;939-uc-43;Libya
85;Chick Peas - Dried;840-ml-72;Ecuador
4;Stock - Chicken, White;955-yu-40;Ukraine
51;Capers - Pickled;164-ai-64;Kenya
43;Cake - Cheese Cake 9 Inch;246-dp-94;China
22;Tobasco Sauce;689-zr-98;Paraguay
2;Wine - Sake;790-ye-06;United States
98;Jolt Cola - Red Eye;338-yp-15;Brazil
50;Silicone Paper 16.5x24;074-zw-67;Estonia
47;Mop Head - Cotton, 24 Oz;446-rl-31;Cameroon
28;Vegetable - Base;264-ad-31;Finland
96;Beef - Rib Eye Aaa;114-tq-07;China
33;Apple - Northern Spy;380-ok-59;Brazil
60;Lettuce - Lolla Rosa;437-bs-31;Colombia
14;Lumpfish Black;902-qf-27;Greece
13;Pepper - Yellow Bell;053-wz-61;China
54;Wine - Chateau Bonnet;758-bw-79;China
51;Wine - Chenin Blanc K.w.v.;045-ax-83;Poland
99;Soup - Campbells Asian Noodle;552-ks-12;Russia
99;Gelatine Powder;982-wi-68;France
49;Tabasco Sauce, 2 Oz;638-sc-24;Sweden
12;Coffee - Espresso;945-fx-55;Ukraine
53;Muffin Hinge Container 6;802-eu-75;China
85;Chocolate - Liqueur Cups With Foil;969-ya-05;Mongolia
20;Apples - Spartan;209-po-96;Peru
38;Beef - Ground, Extra Lean, Fresh;830-pt-48;Macedonia
56;Kaffir Lime Leaves;272-nc-78;France
12;Mustard - Pommery;016-kg-63;Poland
84;Wine - Prosecco Valdobienne;733-va-15;Brazil
39;Turkey - Whole, Fresh;102-aj-49;Afghanistan
66;Rum - Spiced, Captain Morgan;195-ow-37;China
60;Gatorade - Orange;152-py-06;Venezuela
71;Beans - Kidney, Red Dry;152-us-51;Philippines
83;Apple - Northern Spy;552-lz-55;Moldova
87;Mahi Mahi;435-jn-20;United States
83;Beer - Maudite;303-sd-95;Chile
21;Boogies;780-dy-41;Mexico
27;Milk - Chocolate 500ml;252-wv-30;Poland
78;Ham - Cooked Bayonne Tinned;799-ur-47;Mexico
88;Wine - Cabernet Sauvignon;001-ms-75;Portugal
70;Sunflower Seed Raw;414-xr-98;Bulgaria
10;Water - Aquafina Vitamin;626-id-97;Latvia
27;Calypso - Black Cherry Lemonade;483-as-86;Indonesia
62;Sauce - Chili;577-kf-04;Madagascar
76;Wine - Magnotta - Red, Baco;215-wt-81;Russia
56;Chocolate - Sugar Free Semi Choc;456-qg-30;Uzbekistan
58;Bread - Petit Baguette;718-kj-63;Argentina
78;Wine - Red, Cabernet Sauvignon;504-ch-72;Italy
75;Chocolate Liqueur - Godet White;518-hb-57;Bahamas
47;Gloves - Goldtouch Disposable;908-yn-52;Russia
85;Turnip - Mini;016-au-66;Portugal
30;Cheese - St. Andre;781-lj-84;China
84;Cabbage Roll;524-cm-25;Honduras
81;Energy - Boo - Koo;578-gs-22;Slovenia
16;Wine - Shiraz South Eastern;273-ak-67;Chad
44;Juice - Apple, 500 Ml;469-oh-34;Philippines
92;Lettuce - Lambs Mash;660-qr-09;China
41;Muffin - Mix - Strawberry Rhubarb;891-ur-84;Portugal
42;Bag - Clear 7 Lb;472-rt-24;Tunisia
42;Eggs - Extra Large;736-ph-94;Portugal
52;Shrimp - Tiger 21/25;699-va-04;Indonesia
98;Cherries - Maraschino,jar;389-la-72;Guatemala
8;Syrup - Pancake;427-ws-18;Brazil
12;Apples - Sliced / Wedge;293-hs-62;Portugal
21;Monkfish - Fresh;637-gy-98;China
90;Napkin - Beverage 1 Ply;459-vd-76;Portugal
43;Chicken - Wieners;202-sa-55;France
61;Cookie Trail Mix;493-wn-62;Peru
56;Wine - Muscadet Sur Lie;447-vt-40;Cuba
19;Lettuce - Curly Endive;117-cl-91;Malawi
23;Sprouts - Alfalfa;354-jw-22;Brazil
76;Muffin Mix - Corn Harvest;277-kv-91;Brazil
44;Kellogs Cereal In A Cup;311-kx-12;Sweden
32;Juice - Clam, 46 Oz;636-vw-89;Botswana
2;Tart Shells - Savory, 3;310-gs-16;China
95;Gin - Gilbeys London, Dry;554-nq-63;China
43;Wine - Sawmill Creek Autumn;083-cb-60;North Korea
64;Coffee - Espresso;920-bv-91;United States
30;Wonton Wrappers;227-jl-67;United States
17;Octopus - Baby, Cleaned;499-yk-18;Portugal
36;Salt And Pepper Mix - Black;758-up-07;Argentina
96;Potatoes - Peeled;487-mk-01;Sweden
78;Chestnuts - Whole,canned;091-bg-59;Philippines
92;Eggplant Oriental;544-in-55;South Africa
90;Horseradish Root;219-qi-50;Palestinian Territory
51;Wine - Crozes Hermitage E.;096-nl-88;Palestinian Territory
22;Wonton Wrappers;933-nh-59;Ireland
66;Star Anise, Whole;526-ou-16;Poland
85;Juice - Cranberry 284ml;719-pn-08;Philippines
8;Cinnamon Rolls;778-xh-91;Poland
99;Bagel - Whole White Sesame;698-rg-85;China
49;Banana;186-ix-88;Saudi Arabia
55;Cheese - Victor Et Berthold;774-tf-72;China
36;Soup - Campbells Mac N Cheese;662-fu-28;Thailand
36;Chocolate Liqueur - Godet White;563-er-96;Brazil
96;Tomatoes - Diced, Canned;850-gz-94;Portugal
14;Five Alive Citrus;276-ew-23;Indonesia
89;Gatorade - Xfactor Berry;892-dg-60;Thailand
18;Cookies - Amaretto;518-cu-57;Indonesia
45;Soup - Campbells Beef Noodle;739-hr-63;China
75;Vinegar - Balsamic, White;768-tj-44;Portugal
79;Cabbage - Green;114-ed-87;Malaysia
5;Sage Derby;807-zl-18;Indonesia
77;Yogurt - Strawberry, 175 Gr;808-ru-01;China
58;Beans - Butter Lrg Lima;696-xj-71;Angola
42;Bread - Pita;563-nl-53;Czech Republic
71;Pail - 15l White, With Handle;015-lb-44;China
10;Lettuce - Mini Greens, Whole;393-we-83;Philippines
59;Worcestershire Sauce;870-wx-25;France
68;Beer - Blue;087-le-75;South Africa
99;Wine - Rioja Campo Viejo;867-ox-57;Colombia
20;Tomato - Plum With Basil;443-ti-01;Thailand
19;Capers - Ox Eye Daisy;919-fa-77;China
77;Carbonated Water - Strawberry;729-pe-73;China
7;Chips - Doritos;937-ia-95;Mexico
14;Bok Choy - Baby;654-xb-54;Egypt
62;Roe - Lump Fish, Red;721-zr-80;China
89;Ice Cream Bar - Oreo Cone;275-tx-60;Brazil
29;Cabbage - Green;569-qr-35;France
97;Higashimaru Usukuchi Soy;807-is-81;Ethiopia
99;Wine - Malbec Trapiche Reserve;417-oi-95;China
3;Potatoes - Instant, Mashed;981-zg-17;Japan
63;Pork - Bacon Cooked Slcd;391-zy-99;Peru
40;Lychee;470-jp-43;Sweden
79;Table Cloth 62x114 White;885-cy-58;China
8;Wine - Savigny - Les - Beaune;720-bw-53;Tajikistan
80;Goldschalger;050-my-62;Guatemala
70;Trout - Rainbow, Fresh;545-mj-34;Haiti
73;Split Peas - Yellow, Dry;908-ys-40;Russia
63;External Supplier;296-ba-95;Indonesia
11;Longos - Lasagna Veg;103-ka-16;China
34;Momiji Oroshi Chili Sauce;503-hw-58;Russia
96;Potatoes - Mini Red;845-ta-35;Brazil
79;Cookies - Assorted;771-wo-70;Democratic Republic of the Congo
100;Halibut - Whole, Fresh;442-qp-66;United States
78;Orange - Canned, Mandarin;575-co-74;Indonesia
86;Banana - Leaves;564-kw-43;Canada
59;Yucca;665-wr-40;China
12;Langers - Mango Nectar;473-el-31;Belarus
5;Pastry - Chocolate Chip Muffin;729-fn-88;Serbia
37;Wine - White, Pinot Grigio;141-ua-54;Japan
87;Beef - Inside Round;208-mi-56;Bulgaria
37;Pate - Liver;011-hc-79;Vietnam
69;Muffin Hinge - 211n;352-fp-37;Belgium
47;Buttons;777-gt-99;Japan
77;Jicama;382-uz-90;Sweden
78;Bagels Poppyseed;732-ve-23;Albania
88;Juice - Grape, White;116-pg-85;Brazil
77;Salsify, Organic;356-wn-02;Uzbekistan
58;Soup - Cream Of Broccoli;281-gc-06;Cape Verde
17;Soap - Mr.clean Floor Soap;872-kg-15;Afghanistan
14;Truffle Cups - Brown;919-ep-76;China
41;Chips - Doritos;139-qb-03;Venezuela
100;Mace;778-wz-21;Sweden
95;Apple - Fuji;113-xp-89;Malta
13;Ice Cream - Vanilla;237-ie-20;Poland
49;Wine - Dubouef Macon - Villages;237-zf-57;Sweden
63;Wine - White, French Cross;386-wn-45;China
89;Ezy Change Mophandle;164-qw-46;Indonesia
98;Wine - Pinot Noir Pond Haddock;715-tr-33;Peru
68;Wine - Magnotta - Bel Paese White;351-mg-07;China
69;Sugar - Cubes;607-lg-68;Philippines
63;Muffin Mix - Blueberry;673-dt-32;China
47;Soup - Campbells, Chix Gumbo;254-iy-27;Angola
72;Pork - Ground;609-yu-44;Portugal
85;Wine - Coteaux Du Tricastin Ac;402-vk-15;Portugal
35;Wine - Maipo Valle Cabernet;214-cm-71;Brazil
7;Soup - Campbells Bean Medley;846-ss-94;China
7;Apple - Northern Spy;420-td-12;Egypt
51;Plastic Wrap;753-jh-32;Bulgaria
7;Wine - Casillero Deldiablo;943-xo-73;Venezuela
2;Sugar - Individual Portions;679-ov-68;Russia
18;Garbag Bags - Black;162-ae-47;China
88;Dc Hikiage Hira Huba;827-tw-38;Slovenia
33;Wine - Penfolds Koonuga Hill;763-nb-42;Montenegro
24;Cleaner - Bleach;420-kn-88;China
30;Coconut Milk - Unsweetened;839-of-80;South Korea
17;Truffle - Whole Black Peeled;339-nc-25;Indonesia
72;Fenngreek Seed;755-sn-30;Peru
81;Rice Pilaf, Dry,package;298-gx-46;Brazil
54;Soup - Knorr, Chicken Noodle;243-al-85;Portugal
42;Raisin - Dark;128-zc-48;China
69;Chips - Doritos;370-jm-12;Czech Republic
27;Potatoes - Purple, Organic;066-pt-66;Albania
49;Foam Cup 6 Oz;523-rp-80;Indonesia
93;Venison - Denver Leg Boneless;321-yt-24;Kuwait
61;Melon - Cantaloupe;114-dn-41;South Africa
6;Salt - Table;503-tk-18;China
38;Bread - Pumpernickel;562-ka-13;China
22;Persimmons;366-ij-18;Canada
12;Salt - Kosher;565-mb-88;Thailand
9;Red Currants;882-ys-32;Thailand
31;Scrubbie - Scotchbrite Hand Pad;249-jq-23;Syria
56;Salsify, Organic;538-rh-72;Ukraine
20;Juice - Apple, 341 Ml;627-zq-40;Sweden
99;Scallops 60/80 Iqf;652-xx-15;China
27;Chicken - Ground;352-te-93;Indonesia
84;Bar Energy Chocchip;823-wb-02;Peru
65;Split Peas - Green, Dry;539-rl-17;Philippines
48;Bread - Olive;553-qk-58;Russia
80;Frangelico;894-cd-91;Russia
97;Steampan Lid;654-ud-17;Pakistan
65;Pasta - Fusili, Dry;779-uv-05;China
31;Bread - Roll, Whole Wheat;628-uf-48;Mauritania
68;Onions - Green;577-vo-89;Botswana
68;Pastry - Raisin Muffin - Mini;847-xv-16;Israel
31;Mustard Prepared;800-qj-62;Portugal
84;Dooleys Toffee;193-sh-76;Czech Republic
31;Basil - Primerba, Paste;875-bz-37;United Kingdom
14;Mushroom - Enoki, Fresh;129-ah-36;Peru
65;Alize Gold Passion;067-na-36;Yemen
17;Towel Dispenser;836-rc-20;China
26;Oil - Olive Bertolli;680-nd-09;China
7;Mussels - Frozen;695-zq-99;Canada
71;Vodka - Moskovskaya;117-no-18;Sweden
64;Molasses - Fancy;158-ue-46;France
38;Chevril;077-yo-98;Iran
50;Pepper - White, Ground;319-bs-34;Russia
81;Ginger - Crystalized;585-wm-82;Greece
79;Venison - Liver;762-ha-59;Italy
41;Wine - Bouchard La Vignee Pinot;125-ak-51;Greece
2;Container - Hngd Cll Blk 7x7x3;845-dl-74;Norway
98;Five Alive Citrus;738-zg-57;Spain
9;Trout Rainbow Whole;281-dh-21;China
69;Boogies;784-mb-06;Malawi
77;Rhubarb;613-cp-85;Portugal
21;Longos - Lasagna Veg;827-aw-30;Morocco
60;Wine - Baron De Rothschild;874-wx-89;Indonesia
33;Wine - Pinot Noir Stoneleigh;875-bb-55;Tanzania
34;Salt - Seasoned;627-gy-65;Philippines
94;Butter Sweet;662-sd-28;Indonesia
21;Duck - Whole;997-ch-99;Czech Republic
29;Cotton Wet Mop 16 Oz;948-vx-63;China
40;Cumin - Ground;910-gr-57;China
57;Pasta - Linguini, Dry;617-iv-47;Sweden
47;Sauce - Apple, Unsweetened;060-un-66;Armenia
19;Leeks - Large;260-ng-46;China
62;Wine - Red, Lurton Merlot De;296-si-34;China
82;Cake - Cake Sheet Macaroon;875-yh-90;Tanzania
70;Container - Clear 32 Oz;147-lh-83;Yemen
24;Garlic Powder;578-jb-18;Sweden
96;Edible Flower - Mixed;485-tl-86;China
2;Liquid Aminios Acid - Braggs;304-pj-85;China
64;Tea - Green;993-gm-85;Indonesia
36;Cookie Dough - Oatmeal Rasin;247-ht-80;Portugal
19;Wine - Jafflin Bourgongone;076-qb-05;Guatemala
90;Sugar - Palm;521-hq-28;China
55;Pickerel - Fillets;206-dn-25;China
7;Duck - Fat;607-ud-12;Philippines
32;Sauerkraut;459-ya-82;Indonesia
82;Cookies - Englishbay Chochip;742-nr-28;Malawi
30;Vinegar - Balsamic;357-xd-79;Finland
92;Island Oasis - Raspberry;766-iv-55;Mexico
30;Sprite - 355 Ml;237-hm-07;Ghana
47;Dried Apple;944-yb-67;United States
6;Juice - Orange, Concentrate;207-dv-33;Russia
10;Taro Root;527-da-62;Yemen
12;Juice - V8 Splash;353-ub-61;Chile
27;Sour Cream;976-xa-22;Philippines
13;Island Oasis - Mango Daiquiri;214-dr-40;Yemen
91;Cheese Cloth No 60;781-wt-10;Thailand
32;Wine - Wyndham Estate Bin 777;595-ph-83;Sweden
40;Langers - Ruby Red Grapfruit;038-vd-49;Indonesia
12;Ice Cream Bar - Rolo Cone;455-vw-41;China
18;Lemon Pepper;578-xx-17;Sweden
36;Appetizer - Mushroom Tart;545-aw-10;Russia
40;Potatoes - Fingerling 4 Oz;166-vn-07;Serbia
94;Pop Shoppe Cream Soda;322-ho-66;Palestinian Territory
95;Syrup - Monin, Swiss Choclate;588-hb-32;Brazil
95;Wine - Cava Aria Estate Brut;956-sf-78;Russia
77;Lamb Shoulder Boneless Nz;437-yw-87;Portugal
94;Pheasants - Whole;090-oz-97;Thailand
97;Pea - Snow;739-kf-12;Indonesia
31;Spice - Montreal Steak Spice;559-qs-21;Russia
2;Ham - Smoked, Bone - In;825-zf-15;China
11;Cakes Assorted;682-ns-99;Indonesia
22;Sauce - Gravy, Au Jus, Mix;361-nl-44;Sweden
37;Bread Crumbs - Panko;656-lw-17;Czech Republic
69;Eel Fresh;261-jz-54;Lesotho
21;Pasta - Lasagna, Dry;668-fr-80;Tajikistan
70;Wine - White Cab Sauv.on;186-mq-28;Indonesia
39;Soup Knorr Chili With Beans;541-ei-52;Thailand
77;Sauce - Black Current, Dry Mix;567-wd-26;Philippines
73;Stock - Fish;121-hx-02;Philippines
44;Cheese - Shred Cheddar / Mozza;032-nm-53;China
79;Sauce - Salsa;991-og-26;Finland
88;Island Oasis - Peach Daiquiri;821-ex-10;Poland
35;Pork - Loin, Center Cut;423-sv-08;Russia
91;Lemon Grass;046-bb-44;Thailand
63;Apple - Royal Gala;664-pv-27;Poland
54;Banana Turning;710-lq-78;China
77;Potatoes - Pei 10 Oz;912-pu-07;South Korea
66;Wine - Niagara Peninsula Vqa;534-uo-26;Sweden
29;Pasta - Spaghetti, Dry;073-nu-67;China
45;Flour - Fast / Rapid;404-hg-34;Thailand
74;Flax Seed;828-wi-25;Indonesia
60;Cup - 8oz Coffee Perforated;134-wm-26;Estonia
99;Container - Foam Dixie 12 Oz;059-md-24;Sweden
94;Wine - Red, Marechal Foch;193-pl-51;Indonesia
89;Tea Leaves - Oolong;108-se-22;Colombia
60;Coffee - Ristretto Coffee Capsule;511-kh-14;Ukraine
8;Dikon;185-wq-22;Portugal
25;Artichokes - Jerusalem;678-wi-56;China
50;Bread - Crumbs, Bulk;145-xv-85;Portugal
35;Wine - Puligny Montrachet A.;083-tm-33;China
32;Iced Tea - Lemon, 340ml;097-zo-36;Albania
91;Beer - Muskoka Cream Ale;045-tm-77;Philippines
94;Smirnoff Green Apple Twist;073-dn-75;Brazil
45;Pasta - Orecchiette;726-lk-38;China
77;Pimento - Canned;231-oo-92;China
86;Bread - Olive;686-mk-53;China
40;Pie Box - Cello Window 2.5;704-ds-90;French Guiana
32;Tomato Puree;890-kk-21;Indonesia
16;Wine - White, Mosel Gold;481-tl-56;Brazil
3;Beef Ground Medium;647-gt-53;China
79;Muffin Batt - Ban Dream Zero;813-ny-18;Philippines
97;Sugar Thermometer;396-uw-65;Russia
51;Sultanas;683-ro-71;Indonesia
92;Egg Patty Fried;016-df-10;Argentina
69;Mountain Dew;357-vl-47;Venezuela
46;Creme De Menthe Green;790-oa-29;Faroe Islands
10;Steampan - Foil;413-gn-31;Russia
70;Chestnuts - Whole,canned;474-ov-32;Belarus
78;Fish - Artic Char, Cold Smoked;867-ly-98;Sri Lanka
34;Compound - Pear;215-ff-82;China
84;Chicken - White Meat, No Tender;994-fm-98;Philippines
51;Puree - Raspberry;689-ay-79;China
86;Thermometer Digital;840-sp-16;Palestinian Territory
42;Mcgillicuddy Vanilla Schnap;405-oj-71;Sweden
48;Pie Shell - 9;470-be-29;Poland
22;Carbonated Water - Wildberry;344-bu-02;Russia
46;Truffle Shells - Semi - Sweet;415-tt-62;Canada
87;Soup - Campbells Mushroom;237-vy-40;Peru
36;Bagelers;047-dw-21;Colombia
37;Bread - Rolls, Rye;859-iw-93;New Zealand
69;Rum - Dark, Bacardi, Black;794-yq-32;Russia
30;Soup - Knorr, Veg / Beef;000-df-35;China
99;Wine - Red, Harrow Estates, Cab;411-ay-00;Mexico
100;Bacon Strip Precooked;267-ae-92;Russia
68;Bread - Rolls, Corn;709-fb-04;Portugal
9;Table Cloth 72x144 White;300-ul-11;Indonesia
68;Squid - Tubes / Tenticles 10/20;962-xr-31;Cuba
8;Spinach - Baby;234-rv-64;Philippines
85;Lid - 3oz Med Rec;786-cy-56;France
26;Garlic - Elephant;278-nr-20;China
1;Hot Chocolate - Individual;370-dy-05;Poland
1;Sugar - Individual Portions;401-ot-71;Spain
87;Lemonade - Black Cherry, 591 Ml;181-wo-63;France
9;Bread - Pumpernickel;780-xm-15;Indonesia
48;Kellogs Cereal In A Cup;919-ar-66;China
83;Filo Dough;252-eo-63;Comoros
72;Wine - Magnotta - Cab Franc;908-dl-42;Hungary
20;Wine - Crozes Hermitage E.;952-ib-38;Armenia
8;Chicken - Ground;632-td-39;Venezuela
1;Steamers White;857-sh-80;Mexico
86;Pasta - Canelloni, Single Serve;841-fm-87;Kosovo
73;Veal - Inside, Choice;889-fl-95;Sweden
78;Mushroom - Chanterelle Frozen;357-dh-03;Philippines
97;Muffin - Zero Transfat;754-au-04;Brazil
66;Tomato - Plum With Basil;579-yt-77;China
67;Steampan - Half Size Shallow;175-ta-27;Cameroon
30;Table Cloth 62x120 White;481-ri-85;Ukraine
93;Squid - Breaded;744-td-06;Indonesia
35;Tea - Black Currant;239-cp-76;South Africa
38;Bread - Sour Sticks With Onion;357-lp-19;Dominican Republic
41;Cheese - Pont Couvert;071-ia-24;Indonesia
69;Napkin White - Starched;382-ur-29;Peru
12;Smoked Tongue;924-ka-49;Indonesia
15;Eggroll;225-qf-37;Kuwait
23;Wine - Pinot Noir Mondavi Coastal;176-il-56;Indonesia
33;Extract Vanilla Pure;795-xk-58;Brazil
88;Cornish Hen;767-ih-40;Mexico
27;Grapes - Black;020-gb-82;Honduras
4;Anchovy Paste - 56 G Tube;783-mg-34;Pakistan
